params,mean_test_score,std_test_score,rank_test_score
"{'max_depth': 3, 'max_features': 'sqrt', 'min_samples_split': 6, 'n_estimators': 100}",0.9663367569249923,0.03162306668752773,1
"{'max_depth': 15, 'max_features': 'sqrt', 'min_samples_split': 12, 'n_estimators': 121}",0.9579707438530969,0.02677171608964413,2
"{'max_depth': 10, 'max_features': 'sqrt', 'min_samples_split': 12, 'n_estimators': 252}",0.9579707438530969,0.02677171608964413,2
"{'max_depth': None, 'max_features': 'sqrt', 'min_samples_split': 8, 'n_estimators': 171}",0.9579707438530969,0.02677171608964413,2
"{'max_depth': 10, 'max_features': 'log2', 'min_samples_split': 6, 'n_estimators': 51}",0.9579707438530969,0.02677171608964413,2
"{'max_depth': 15, 'max_features': 'log2', 'min_samples_split': 7, 'n_estimators': 179}",0.9579707438530969,0.02677171608964413,2
"{'max_depth': 15, 'max_features': 'sqrt', 'min_samples_split': 2, 'n_estimators': 253}",0.9579707438530969,0.02677171608964413,2
"{'max_depth': None, 'max_features': 'log2', 'min_samples_split': 9, 'n_estimators': 201}",0.9579707438530969,0.02677171608964413,2
"{'max_depth': 5, 'max_features': 'log2', 'min_samples_split': 14, 'n_estimators': 285}",0.9579707438530969,0.02677171608964413,2
"{'max_depth': 3, 'max_features': 'sqrt', 'min_samples_split': 12, 'n_estimators': 108}",0.9579707438530969,0.02677171608964413,2
"{'max_depth': 5, 'max_features': 'log2', 'min_samples_split': 13, 'n_estimators': 237}",0.9579707438530969,0.02677171608964413,2
"{'max_depth': 10, 'max_features': 'log2', 'min_samples_split': 8, 'n_estimators': 293}",0.9579707438530969,0.02677171608964413,2
"{'max_depth': None, 'max_features': 'sqrt', 'min_samples_split': 8, 'n_estimators': 67}",0.9579707438530969,0.02677171608964413,2
"{'max_depth': 15, 'max_features': 'sqrt', 'min_samples_split': 13, 'n_estimators': 63}",0.9579707438530969,0.02677171608964413,2
"{'max_depth': 5, 'max_features': 'log2', 'min_samples_split': 10, 'n_estimators': 139}",0.9579707438530969,0.02677171608964413,2
"{'max_depth': None, 'max_features': 'log2', 'min_samples_split': 5, 'n_estimators': 141}",0.9579707438530969,0.02677171608964413,2
"{'max_depth': 15, 'max_features': 'sqrt', 'min_samples_split': 13, 'n_estimators': 57}",0.9579707438530969,0.02677171608964413,2
"{'max_depth': 10, 'max_features': 'log2', 'min_samples_split': 2, 'n_estimators': 213}",0.9579707438530969,0.02677171608964413,2
"{'max_depth': 5, 'max_features': 'log2', 'min_samples_split': 5, 'n_estimators': 51}",0.9579707438530969,0.02677171608964413,2
"{'max_depth': 5, 'max_features': 'log2', 'min_samples_split': 7, 'n_estimators': 270}",0.9579707438530969,0.02677171608964413,2
"{'max_depth': 5, 'max_features': 'log2', 'min_samples_split': 13, 'n_estimators': 211}",0.9579707438530969,0.02677171608964413,2
"{'max_depth': 5, 'max_features': 'log2', 'min_samples_split': 5, 'n_estimators': 63}",0.9579707438530969,0.02677171608964413,2
"{'max_depth': 15, 'max_features': 'sqrt', 'min_samples_split': 9, 'n_estimators': 262}",0.9579707438530969,0.02677171608964413,2
"{'max_depth': None, 'max_features': 'log2', 'min_samples_split': 6, 'n_estimators': 73}",0.9579707438530969,0.02677171608964413,2
"{'max_depth': 5, 'max_features': 'sqrt', 'min_samples_split': 13, 'n_estimators': 237}",0.9579707438530969,0.02677171608964413,2
"{'max_depth': 15, 'max_features': 'sqrt', 'min_samples_split': 10, 'n_estimators': 206}",0.9579707438530969,0.02677171608964413,2
"{'max_depth': None, 'max_features': 'sqrt', 'min_samples_split': 10, 'n_estimators': 120}",0.9579707438530969,0.02677171608964413,2
"{'max_depth': 3, 'max_features': 'log2', 'min_samples_split': 2, 'n_estimators': 285}",0.9579707438530969,0.02677171608964413,2
"{'max_depth': 10, 'max_features': 'sqrt', 'min_samples_split': 2, 'n_estimators': 185}",0.9579707438530969,0.02677171608964413,2
"{'max_depth': 10, 'max_features': 'sqrt', 'min_samples_split': 2, 'n_estimators': 172}",0.9579707438530969,0.02677171608964413,2
